{
  "0.3": {
    "mIoU": 0.6133322436878592,
    "mDICE": 0.6645342794492178,
    "flood_IoU": 0.4859871103853729,
    "flood_F1": 0.6522614501289076,
    "flood_Precision": 0.4972975987951988,
    "flood_Recall": 0.9617582991655419
  },
  "0.4": {
    "mIoU": 0.6213043820183768,
    "mDICE": 0.671167305055988,
    "flood_IoU": 0.509701269599685,
    "flood_F1": 0.6737175434291819,
    "flood_Precision": 0.5262533581604486,
    "flood_Recall": 0.9488891596578697
  },
  "0.5": {
    "mIoU": 0.6280955280779856,
    "mDICE": 0.6766870028375364,
    "flood_IoU": 0.529900409065126,
    "flood_F1": 0.6915335687896498,
    "flood_Precision": 0.5534981844689141,
    "flood_Recall": 0.9329327320181581
  },
  "0.6": {
    "mIoU": 0.6342281436760008,
    "mDICE": 0.6815483193800261,
    "flood_IoU": 0.5480940747149511,
    "flood_F1": 0.7071593315961426,
    "flood_Precision": 0.5812958148197603,
    "flood_Recall": 0.912936599784532
  }
}