{
  "0.3": {
    "mIoU": 0.7292187748433041,
    "mDICE": 0.7457186459174736,
    "flood_IoU": 0.8731735194518713,
    "flood_F1": 0.9318055891294971,
    "flood_Precision": 0.887304214786439,
    "flood_Recall": 0.9821902681916507
  },
  "0.4": {
    "mIoU": 0.7325804905057215,
    "mDICE": 0.7476160959894866,
    "flood_IoU": 0.8848948882313907,
    "flood_F1": 0.9384768389726283,
    "flood_Precision": 0.9053228205503425,
    "flood_Recall": 0.9752364686722553
  },
  "0.5": {
    "mIoU": 0.7347154119969647,
    "mDICE": 0.748810338843499,
    "flood_IoU": 0.8922603887977122,
    "flood_F1": 0.9426334952205655,
    "flood_Precision": 0.9205044781516741,
    "flood_Recall": 0.9668484782304213
  },
  "0.6": {
    "mIoU": 0.735945804198888,
    "mDICE": 0.7494965112375048,
    "flood_IoU": 0.8964076413599694,
    "flood_F1": 0.9449717758139526,
    "flood_Precision": 0.9343305461770842,
    "flood_Recall": 0.9567918831988506
  }
}