{
  "0.3": {
    "mIoU": 0.7335230812884487,
    "mDICE": 0.7481573624120114,
    "flood_IoU": 0.8874667175754324,
    "flood_F1": 0.9400175595727255,
    "flood_Precision": 0.9237663031439838,
    "flood_Recall": 0.9580171097256502
  },
  "0.4": {
    "mIoU": 0.7346908005573082,
    "mDICE": 0.7487901495510663,
    "flood_IoU": 0.8914699835612119,
    "flood_F1": 0.9422021193328116,
    "flood_Precision": 0.9391634275089091,
    "flood_Recall": 0.9464438439112729
  },
  "0.5": {
    "mIoU": 0.7347580282092546,
    "mDICE": 0.7488045641403261,
    "flood_IoU": 0.8915454256974923,
    "flood_F1": 0.9421666133035339,
    "flood_Precision": 0.9516115137826198,
    "flood_Recall": 0.9341436476560335
  },
  "0.6": {
    "mIoU": 0.7337673079611606,
    "mDICE": 0.7482212250735202,
    "flood_IoU": 0.8878199201325515,
    "flood_F1": 0.9399717032094733,
    "flood_Precision": 0.9621532509513214,
    "flood_Recall": 0.9200658973473624
  }
}