{
  "before": {
    "q99": 0.09479819238185883,
    "mean": 0.02597336284816265,
    "std": 0.020685940980911255
  },
  "after": {
    "q99": 0.12148059159517288,
    "mean": 0.03984164446592331,
    "std": 0.027745136991143227
  },
  "pos_weight": 26.535956269814797
}